04-05-23, 20, 1, N-Back
04-05-23, 20, 1, N-Back
04-05-23, 21, 1, N-Back
04-05-23, 21, 1, N-Back
04-05-23, 21, 1, N-Back
04-05-23, 21, 1, N-Back
04-05-23, 21, 1, N-Back
04-05-23, 21, 1, N-Back
04-05-23, 21, 1, N-Back
04-05-23, 24, 0, N-Back
04-05-23, 24, 0, N-Back
04-05-23, 24, 0, N-Back
04-05-23, 25, 0, N-Back
04-05-23, 25, 0, N-Back
04-05-23, 25, 0, N-Back
04-05-23, 25, 0, N-Back
04-05-23, 25, 0, N-Back
04-05-23, 25, 0, N-Back
04-05-23, 26, 0, N-Back
04-05-23, 26, 0, N-Back
04-05-23, 26, 0, N-Back
04-05-23, 26, 0, N-Back
04-05-23, 26, 0, N-Back
04-05-23, 26, 0, N-Back
04-05-23, 29, 0, N-Back
04-05-23, 29, 0, N-Back
04-05-23, 29, 0, N-Back
04-05-23, 29, 0, N-Back
04-05-23, 29, 0, N-Back
04-05-23, 30, 0, N-Back
04-05-23, 30, 0, N-Back
